epoch,time,train/box_loss,train/cls_loss,train/l1_loss,metrics/precision(B),metrics/recall(B),metrics/mAP50(B),metrics/mAP50-95(B),val/box_loss,val/cls_loss,val/l1_loss,lr/pg0,lr/pg1,lr/pg2,lr/pg3,lr/pg4,lr/pg5,lr/pg6,lr/pg7
1,44.4026,4.60645,3.45403,0.0534,0.00248,0.02194,7e-05,1e-05,4.47376,3.56721,0.05834,0.00992,0.00330667,0.00992,0.00330667,0.00992,0.00330667,0.00992,0.00330667
2,61.5934,4.32788,2.78645,0.04695,0.00678,0.16357,0.00113,0.00018,4.25886,297.973,0.05235,0.0197557,0.00658522,0.0197557,0.00658522,0.0197557,0.00658522,0.0197557,0.00658522
3,78.0776,3.94177,2.20573,0.03816,0.00079,0.01016,1e-05,0,4.97958,7400.85,0.11106,0.0294263,0.00980877,0.0294263,0.00980877,0.0294263,0.00980877,0.0294263,0.00980877
4,93.4047,3.47738,1.97736,0.03082,0.06,0.17936,0.02242,0.00518,3.52985,25.026,0.04514,0.0292575,0.0097525,0.0292575,0.0097525,0.0292575,0.0097525,0.0292575,0.0097525
5,108.155,3.01878,1.66371,0.02432,0.21783,0.26483,0.12566,0.04155,2.8251,2.03277,0.02621,0.02901,0.00967,0.02901,0.00967,0.02901,0.00967,0.02901,0.00967
6,123.819,2.81602,1.54056,0.02177,0.2748,0.27346,0.17301,0.05846,2.67654,1.69317,0.02319,0.0287625,0.0095875,0.0287625,0.0095875,0.0287625,0.0095875,0.0287625,0.0095875
7,140.068,2.69602,1.47335,0.0205,0.34063,0.31865,0.21707,0.07644,2.38209,1.52179,0.02214,0.028515,0.009505,0.028515,0.009505,0.028515,0.009505,0.028515,0.009505
8,157.316,2.61882,1.4251,0.01952,0.40573,0.3359,0.28893,0.11742,2.2654,1.33413,0.02001,0.0282675,0.0094225,0.0282675,0.0094225,0.0282675,0.0094225,0.0282675,0.0094225
9,173.231,2.54396,1.38488,0.01893,0.40984,0.33594,0.29016,0.12037,2.21678,1.31773,0.02002,0.02802,0.00934,0.02802,0.00934,0.02802,0.00934,0.02802,0.00934
10,189.921,2.45574,1.33478,0.01797,0.45009,0.35356,0.33233,0.14396,2.132,1.24364,0.01839,0.0277725,0.0092575,0.0277725,0.0092575,0.0277725,0.0092575,0.0277725,0.0092575
11,205.632,2.4146,1.30165,0.01742,0.50068,0.35729,0.3547,0.15987,2.04927,1.19667,0.01783,0.027525,0.009175,0.027525,0.009175,0.027525,0.009175,0.027525,0.009175
12,222.028,2.35597,1.26468,0.01684,0.50961,0.36307,0.36162,0.16324,2.01575,1.18775,0.01721,0.0272775,0.0090925,0.0272775,0.0090925,0.0272775,0.0090925,0.0272775,0.0090925
13,237.909,2.32646,1.24285,0.01642,0.49564,0.34015,0.34345,0.14993,2.10446,1.22432,0.01726,0.02703,0.00901,0.02703,0.00901,0.02703,0.00901,0.02703,0.00901
14,254.81,2.28395,1.22072,0.01619,0.53337,0.36022,0.36315,0.16879,1.95579,1.18481,0.01717,0.0267825,0.0089275,0.0267825,0.0089275,0.0267825,0.0089275,0.0267825,0.0089275
15,272.364,2.27207,1.21003,0.01588,0.56228,0.37862,0.39427,0.18808,1.89744,1.13194,0.01632,0.026535,0.008845,0.026535,0.008845,0.026535,0.008845,0.026535,0.008845
16,289.185,2.25278,1.19575,0.01559,0.57156,0.38259,0.40973,0.19592,1.90208,1.09932,0.01584,0.0262875,0.0087625,0.0262875,0.0087625,0.0262875,0.0087625,0.0262875,0.0087625
17,306.118,2.23042,1.18239,0.01535,0.58205,0.37996,0.40592,0.1923,1.8962,1.09296,0.01601,0.02604,0.00868,0.02604,0.00868,0.02604,0.00868,0.02604,0.00868
18,322.045,2.20739,1.17012,0.0152,0.57828,0.38807,0.41382,0.2027,1.84719,1.07183,0.01539,0.0257925,0.0085975,0.0257925,0.0085975,0.0257925,0.0085975,0.0257925,0.0085975
19,339.269,2.19148,1.16098,0.01503,0.57965,0.38537,0.41563,0.1975,1.90345,1.09424,0.01546,0.025545,0.008515,0.025545,0.008515,0.025545,0.008515,0.025545,0.008515
20,356.268,2.1908,1.15712,0.015,0.60173,0.39089,0.42466,0.20557,1.86059,1.0595,0.01557,0.0252975,0.0084325,0.0252975,0.0084325,0.0252975,0.0084325,0.0252975,0.0084325
21,371.358,2.17683,1.14561,0.01487,0.58269,0.38208,0.40594,0.19406,1.89155,1.08756,0.01628,0.02505,0.00835,0.02505,0.00835,0.02505,0.00835,0.02505,0.00835
22,386.823,2.15197,1.13775,0.01475,0.58171,0.38679,0.419,0.20067,1.89099,1.07404,0.01498,0.0248025,0.0082675,0.0248025,0.0082675,0.0248025,0.0082675,0.0248025,0.0082675
23,404.253,2.14761,1.13595,0.01464,0.61357,0.39374,0.43399,0.2156,1.80706,1.03794,0.01471,0.024555,0.008185,0.024555,0.008185,0.024555,0.008185,0.024555,0.008185
24,420.692,2.14453,1.1307,0.01463,0.62673,0.39407,0.43378,0.216,1.79937,1.02704,0.01483,0.0243075,0.0081025,0.0243075,0.0081025,0.0243075,0.0081025,0.0243075,0.0081025
25,435.975,2.12884,1.12229,0.01441,0.61651,0.40555,0.44597,0.22216,1.79474,1.02543,0.01449,0.02406,0.00802,0.02406,0.00802,0.02406,0.00802,0.02406,0.00802
26,452.511,2.1206,1.11165,0.01431,0.60611,0.39747,0.43826,0.21733,1.81848,1.04441,0.0146,0.0238125,0.0079375,0.0238125,0.0079375,0.0238125,0.0079375,0.0238125,0.0079375
27,469.162,2.11338,1.11269,0.0143,0.62536,0.40701,0.44918,0.22189,1.79844,1.01122,0.01431,0.023565,0.007855,0.023565,0.007855,0.023565,0.007855,0.023565,0.007855
28,484.612,2.10524,1.10609,0.01423,0.62486,0.39842,0.44149,0.21745,1.82988,1.02349,0.01462,0.0233175,0.0077725,0.0233175,0.0077725,0.0233175,0.0077725,0.0233175,0.0077725
29,502.808,2.10267,1.09985,0.01416,0.64521,0.40573,0.45131,0.22688,1.76728,0.9965,0.01426,0.02307,0.00769,0.02307,0.00769,0.02307,0.00769,0.02307,0.00769
30,520.751,2.09292,1.09816,0.01406,0.62621,0.40635,0.45284,0.22928,1.76932,0.99159,0.01408,0.0228225,0.0076075,0.0228225,0.0076075,0.0228225,0.0076075,0.0228225,0.0076075
31,536.497,2.08611,1.09103,0.014,0.62568,0.41261,0.45385,0.22984,1.75161,0.99105,0.01406,0.022575,0.007525,0.022575,0.007525,0.022575,0.007525,0.022575,0.007525
32,552.942,2.08085,1.08506,0.01382,0.63516,0.40782,0.45257,0.22825,1.76754,0.99772,0.01402,0.0223275,0.0074425,0.0223275,0.0074425,0.0223275,0.0074425,0.0223275,0.0074425
33,568.618,2.06972,1.08564,0.01389,0.63577,0.41363,0.45761,0.23187,1.74241,0.98297,0.01397,0.02208,0.00736,0.02208,0.00736,0.02208,0.00736,0.02208,0.00736
34,585.708,2.06647,1.08132,0.01383,0.63558,0.40705,0.45188,0.23017,1.752,0.99223,0.01384,0.0218325,0.0072775,0.0218325,0.0072775,0.0218325,0.0072775,0.0218325,0.0072775
35,602.182,2.05932,1.07661,0.01374,0.63942,0.41261,0.46003,0.23211,1.75362,0.99437,0.0138,0.021585,0.007195,0.021585,0.007195,0.021585,0.007195,0.021585,0.007195
36,618.167,2.04823,1.07491,0.01373,0.64358,0.41173,0.45822,0.2351,1.72939,0.97947,0.01374,0.0213375,0.0071125,0.0213375,0.0071125,0.0213375,0.0071125,0.0213375,0.0071125
37,632.952,2.04256,1.07003,0.01357,0.6457,0.42176,0.46413,0.23989,1.70833,0.96479,0.01361,0.02109,0.00703,0.02109,0.00703,0.02109,0.00703,0.02109,0.00703
38,648.386,2.03361,1.06439,0.01355,0.65009,0.41911,0.46624,0.23827,1.71892,0.96862,0.0139,0.0208425,0.0069475,0.0208425,0.0069475,0.0208425,0.0069475,0.0208425,0.0069475
39,665.002,2.03026,1.06234,0.01355,0.64056,0.42445,0.46791,0.2397,1.71172,0.96252,0.01359,0.020595,0.006865,0.020595,0.006865,0.020595,0.006865,0.020595,0.006865
40,682.355,2.02914,1.05968,0.01348,0.6565,0.41941,0.47061,0.24273,1.69253,0.97287,0.01336,0.0203475,0.0067825,0.0203475,0.0067825,0.0203475,0.0067825,0.0203475,0.0067825
41,698.286,2.02068,1.05661,0.01335,0.65381,0.42288,0.4698,0.2437,1.69845,0.95676,0.01341,0.0201,0.0067,0.0201,0.0067,0.0201,0.0067,0.0201,0.0067
42,713.987,2.02006,1.05617,0.01334,0.64769,0.42628,0.47393,0.24637,1.68504,0.9417,0.01317,0.0198525,0.0066175,0.0198525,0.0066175,0.0198525,0.0066175,0.0198525,0.0066175
43,734.87,2.01976,1.05552,0.01343,0.65119,0.42998,0.47616,0.24843,1.67902,0.94748,0.01324,0.019605,0.006535,0.019605,0.006535,0.019605,0.006535,0.019605,0.006535
44,750.545,2.01995,1.05349,0.01336,0.66185,0.42439,0.47214,0.24324,1.69468,0.95728,0.01341,0.0193575,0.0064525,0.0193575,0.0064525,0.0193575,0.0064525,0.0193575,0.0064525
45,764.797,2.00714,1.04745,0.01328,0.6593,0.42942,0.48013,0.24993,1.68076,0.94102,0.01312,0.01911,0.00637,0.01911,0.00637,0.01911,0.00637,0.01911,0.00637
46,781.717,1.99348,1.04169,0.0132,0.64983,0.42829,0.47566,0.25005,1.6673,0.93897,0.0131,0.0188625,0.0062875,0.0188625,0.0062875,0.0188625,0.0062875,0.0188625,0.0062875
47,796.763,1.99671,1.04238,0.01313,0.65973,0.42628,0.4783,0.25052,1.66813,0.93312,0.01306,0.018615,0.006205,0.018615,0.006205,0.018615,0.006205,0.018615,0.006205
48,812.884,1.98973,1.04102,0.01314,0.66096,0.43246,0.4826,0.25167,1.67446,0.93094,0.01319,0.0183675,0.0061225,0.0183675,0.0061225,0.0183675,0.0061225,0.0183675,0.0061225
49,829.431,2.00157,1.04265,0.01316,0.66388,0.43074,0.48218,0.25292,1.66118,0.93327,0.01299,0.01812,0.00604,0.01812,0.00604,0.01812,0.00604,0.01812,0.00604
50,846.322,1.98026,1.03446,0.01302,0.66597,0.43326,0.48551,0.25553,1.65343,0.92293,0.01294,0.0178725,0.0059575,0.0178725,0.0059575,0.0178725,0.0059575,0.0178725,0.0059575
51,861.064,1.98162,1.03875,0.01309,0.65862,0.43371,0.48233,0.25328,1.66054,0.92611,0.01295,0.017625,0.005875,0.017625,0.005875,0.017625,0.005875,0.017625,0.005875
52,878.915,1.9825,1.03513,0.01307,0.6624,0.43535,0.48684,0.25563,1.65358,0.92002,0.01291,0.0173775,0.0057925,0.0173775,0.0057925,0.0173775,0.0057925,0.0173775,0.0057925
53,896.381,1.9795,1.03437,0.01306,0.66731,0.43056,0.48386,0.2532,1.65542,0.92795,0.01293,0.01713,0.00571,0.01713,0.00571,0.01713,0.00571,0.01713,0.00571
54,913.604,1.9694,1.02785,0.01291,0.67203,0.43392,0.48753,0.25615,1.65531,0.92131,0.01289,0.0168825,0.0056275,0.0168825,0.0056275,0.0168825,0.0056275,0.0168825,0.0056275
55,933.171,1.97571,1.03314,0.01297,0.67276,0.43173,0.48892,0.25724,1.64611,0.91928,0.01278,0.016635,0.005545,0.016635,0.005545,0.016635,0.005545,0.016635,0.005545
56,962.813,1.96192,1.02599,0.01294,0.67318,0.43285,0.4872,0.25796,1.64269,0.91992,0.01278,0.0163875,0.0054625,0.0163875,0.0054625,0.0163875,0.0054625,0.0163875,0.0054625
57,988.825,1.96971,1.02968,0.01295,0.67141,0.43589,0.49046,0.26081,1.63873,0.9096,0.01272,0.01614,0.00538,0.01614,0.00538,0.01614,0.00538,0.01614,0.00538
58,1016.94,1.96143,1.0258,0.01284,0.67106,0.43109,0.48801,0.25702,1.64494,0.91922,0.01273,0.0158925,0.0052975,0.0158925,0.0052975,0.0158925,0.0052975,0.0158925,0.0052975
59,1046.07,1.96039,1.02046,0.01272,0.67397,0.43689,0.49376,0.26043,1.63901,0.90956,0.01272,0.015645,0.005215,0.015645,0.005215,0.015645,0.005215,0.015645,0.005215
60,1075.17,1.94932,1.02036,0.01277,0.67869,0.44043,0.49454,0.26228,1.62758,0.90577,0.01262,0.0153975,0.0051325,0.0153975,0.0051325,0.0153975,0.0051325,0.0153975,0.0051325
61,1102.66,1.9517,1.0236,0.01282,0.67402,0.43681,0.49403,0.25997,1.64386,0.91433,0.01272,0.01515,0.00505,0.01515,0.00505,0.01515,0.00505,0.01515,0.00505
62,1130.66,1.94667,1.01971,0.01276,0.67067,0.44127,0.49594,0.26355,1.62741,0.90538,0.01259,0.0149025,0.0049675,0.0149025,0.0049675,0.0149025,0.0049675,0.0149025,0.0049675
63,1157.38,1.94572,1.0198,0.01273,0.68075,0.43875,0.49615,0.26283,1.62724,0.90554,0.01256,0.014655,0.004885,0.014655,0.004885,0.014655,0.004885,0.014655,0.004885
64,1186.62,1.93941,1.01727,0.01268,0.68089,0.44119,0.4996,0.26611,1.61645,0.89794,0.01249,0.0144075,0.0048025,0.0144075,0.0048025,0.0144075,0.0048025,0.0144075,0.0048025
65,1215.79,1.93507,1.01044,0.01269,0.68182,0.4394,0.49587,0.26529,1.61992,0.90339,0.0125,0.01416,0.00472,0.01416,0.00472,0.01416,0.00472,0.01416,0.00472
66,1244.69,1.9385,1.01411,0.01263,0.68302,0.44052,0.49731,0.26537,1.61677,0.89637,0.01251,0.0139125,0.0046375,0.0139125,0.0046375,0.0139125,0.0046375,0.0139125,0.0046375
67,1259.97,1.94037,1.01174,0.01266,0.68665,0.44163,0.50052,0.26683,1.61706,0.89416,0.0125,0.013665,0.004555,0.013665,0.004555,0.013665,0.004555,0.013665,0.004555
68,1276.38,1.92884,1.01307,0.0126,0.6842,0.44182,0.49902,0.26528,1.61784,0.90287,0.01246,0.0134175,0.0044725,0.0134175,0.0044725,0.0134175,0.0044725,0.0134175,0.0044725
69,1291.97,1.92419,1.00664,0.01257,0.6791,0.44127,0.49843,0.26552,1.61728,0.89964,0.01246,0.01317,0.00439,0.01317,0.00439,0.01317,0.00439,0.01317,0.00439
70,1307.78,1.92473,1.00673,0.01258,0.67586,0.44205,0.49918,0.26573,1.61549,0.89453,0.01249,0.0129225,0.0043075,0.0129225,0.0043075,0.0129225,0.0043075,0.0129225,0.0043075
71,1324.32,1.9186,1.00303,0.01252,0.68152,0.44313,0.50018,0.26719,1.61099,0.89065,0.01243,0.012675,0.004225,0.012675,0.004225,0.012675,0.004225,0.012675,0.004225
72,1340.55,1.9214,1.00394,0.01258,0.68247,0.44254,0.50126,0.26848,1.60751,0.89002,0.01239,0.0124275,0.0041425,0.0124275,0.0041425,0.0124275,0.0041425,0.0124275,0.0041425
73,1357.26,1.90895,0.99628,0.01242,0.68668,0.44346,0.50336,0.26989,1.60283,0.88524,0.01237,0.01218,0.00406,0.01218,0.00406,0.01218,0.00406,0.01218,0.00406
74,1371.89,1.91944,1.0045,0.01257,0.68478,0.44094,0.50067,0.26804,1.6069,0.89173,0.01241,0.0119325,0.0039775,0.0119325,0.0039775,0.0119325,0.0039775,0.0119325,0.0039775
75,1387.76,1.913,1.00056,0.0125,0.67979,0.44858,0.50313,0.26903,1.60098,0.88657,0.01233,0.011685,0.003895,0.011685,0.003895,0.011685,0.003895,0.011685,0.003895
76,1402.3,1.90718,0.99704,0.01247,0.6851,0.44686,0.5035,0.26908,1.60079,0.88649,0.01233,0.0114375,0.0038125,0.0114375,0.0038125,0.0114375,0.0038125,0.0114375,0.0038125
77,1420.8,1.91161,0.99872,0.01241,0.68213,0.4462,0.50458,0.27037,1.59558,0.88123,0.0123,0.01119,0.00373,0.01119,0.00373,0.01119,0.00373,0.01119,0.00373
78,1437.75,1.90751,0.99644,0.01246,0.68645,0.44508,0.50522,0.27052,1.59641,0.881,0.0123,0.0109425,0.0036475,0.0109425,0.0036475,0.0109425,0.0036475,0.0109425,0.0036475
79,1452.66,1.90085,0.99497,0.01231,0.6808,0.44836,0.50477,0.27003,1.5965,0.88088,0.0123,0.010695,0.003565,0.010695,0.003565,0.010695,0.003565,0.010695,0.003565
80,1469.92,1.90901,0.99493,0.01237,0.68665,0.44445,0.50424,0.27031,1.59264,0.88084,0.01224,0.0104475,0.0034825,0.0104475,0.0034825,0.0104475,0.0034825,0.0104475,0.0034825
81,1487.54,1.89949,0.99195,0.01228,0.68939,0.44799,0.5057,0.27084,1.59467,0.88033,0.01225,0.0102,0.0034,0.0102,0.0034,0.0102,0.0034,0.0102,0.0034
82,1515.88,1.89618,0.99079,0.01233,0.6898,0.44713,0.50664,0.27113,1.59265,0.87782,0.01223,0.0099525,0.0033175,0.0099525,0.0033175,0.0099525,0.0033175,0.0099525,0.0033175
83,1542.5,1.89358,0.99377,0.01236,0.68902,0.44646,0.50589,0.27154,1.59104,0.87865,0.01225,0.009705,0.003235,0.009705,0.003235,0.009705,0.003235,0.009705,0.003235
84,1564.13,1.89339,0.98858,0.01227,0.69552,0.44789,0.50718,0.27199,1.58987,0.87571,0.01224,0.0094575,0.0031525,0.0094575,0.0031525,0.0094575,0.0031525,0.0094575,0.0031525
85,1581.33,1.88544,0.98439,0.01217,0.69345,0.4454,0.5064,0.27204,1.58902,0.87677,0.01221,0.00921,0.00307,0.00921,0.00307,0.00921,0.00307,0.00921,0.00307
86,1596.28,1.88115,0.98253,0.01215,0.68852,0.4473,0.50764,0.27276,1.58584,0.8738,0.0122,0.0089625,0.0029875,0.0089625,0.0029875,0.0089625,0.0029875,0.0089625,0.0029875
87,1611.53,1.88579,0.98805,0.01227,0.68854,0.44986,0.50764,0.27324,1.58733,0.87381,0.01219,0.008715,0.002905,0.008715,0.002905,0.008715,0.002905,0.008715,0.002905
88,1628.13,1.87563,0.98243,0.01219,0.69315,0.4492,0.50927,0.27412,1.58573,0.87167,0.01216,0.0084675,0.0028225,0.0084675,0.0028225,0.0084675,0.0028225,0.0084675,0.0028225
89,1643.54,1.88093,0.98523,0.01221,0.69285,0.44887,0.50826,0.274,1.58398,0.87218,0.01216,0.00822,0.00274,0.00822,0.00274,0.00822,0.00274,0.00822,0.00274
90,1659.18,1.88429,0.98339,0.01219,0.68696,0.45139,0.50901,0.27476,1.58372,0.87227,0.01215,0.0079725,0.0026575,0.0079725,0.0026575,0.0079725,0.0026575,0.0079725,0.0026575
91,1678.05,1.78576,0.98112,0.01293,0.69028,0.44847,0.50858,0.27463,1.58222,0.86957,0.01214,0.007725,0.002575,0.007725,0.002575,0.007725,0.002575,0.007725,0.002575
92,1693.19,1.77664,0.97184,0.01286,0.68439,0.45369,0.50942,0.27467,1.58074,0.86919,0.01214,0.0074775,0.0024925,0.0074775,0.0024925,0.0074775,0.0024925,0.0074775,0.0024925
93,1707.6,1.77715,0.969,0.01283,0.68825,0.4518,0.51037,0.27547,1.58002,0.86746,0.01215,0.00723,0.00241,0.00723,0.00241,0.00723,0.00241,0.00723,0.00241
94,1723.5,1.77145,0.96572,0.01282,0.68483,0.45227,0.51082,0.27605,1.57911,0.86631,0.01212,0.0069825,0.0023275,0.0069825,0.0023275,0.0069825,0.0023275,0.0069825,0.0023275
95,1740.16,1.76122,0.96022,0.01272,0.69004,0.45245,0.51115,0.27608,1.57766,0.86409,0.01211,0.006735,0.002245,0.006735,0.002245,0.006735,0.002245,0.006735,0.002245
96,1756,1.76004,0.95898,0.01269,0.68636,0.45461,0.5112,0.27595,1.57815,0.86375,0.01212,0.0064875,0.0021625,0.0064875,0.0021625,0.0064875,0.0021625,0.0064875,0.0021625
97,1772.34,1.76192,0.95653,0.01267,0.68855,0.45391,0.51161,0.27616,1.57632,0.86244,0.0121,0.00624,0.00208,0.00624,0.00208,0.00624,0.00208,0.00624,0.00208
98,1787.46,1.75698,0.95407,0.01263,0.69056,0.45399,0.51224,0.27656,1.57442,0.86128,0.01209,0.0059925,0.0019975,0.0059925,0.0019975,0.0059925,0.0019975,0.0059925,0.0019975
99,1802.44,1.75646,0.95675,0.01269,0.69227,0.45403,0.51297,0.2772,1.5733,0.86092,0.01208,0.005745,0.001915,0.005745,0.001915,0.005745,0.001915,0.005745,0.001915
100,1819.6,1.74818,0.95194,0.01264,0.69298,0.45231,0.51273,0.27708,1.57148,0.85954,0.01207,0.0054975,0.0018325,0.0054975,0.0018325,0.0054975,0.0018325,0.0054975,0.0018325
101,1836.07,1.7484,0.95006,0.01256,0.69714,0.45293,0.51365,0.27781,1.56997,0.85822,0.01206,0.00525,0.00175,0.00525,0.00175,0.00525,0.00175,0.00525,0.00175
102,1851.49,1.75032,0.94896,0.01261,0.69574,0.45569,0.51368,0.27775,1.56925,0.85669,0.01204,0.0050025,0.0016675,0.0050025,0.0016675,0.0050025,0.0016675,0.0050025,0.0016675
103,1866.36,1.75192,0.94905,0.01259,0.69149,0.45713,0.51424,0.27817,1.56838,0.85616,0.01203,0.004755,0.001585,0.004755,0.001585,0.004755,0.001585,0.004755,0.001585
104,1881.29,1.74516,0.94704,0.01256,0.69123,0.45871,0.51467,0.27864,1.56758,0.85552,0.01202,0.0045075,0.0015025,0.0045075,0.0015025,0.0045075,0.0015025,0.0045075,0.0015025
105,1895.81,1.74479,0.94584,0.01253,0.69391,0.45728,0.51478,0.27908,1.56583,0.85495,0.012,0.00426,0.00142,0.00426,0.00142,0.00426,0.00142,0.00426,0.00142
106,1911.44,1.74094,0.94125,0.0125,0.69218,0.45848,0.51549,0.27921,1.56607,0.85463,0.012,0.0040125,0.0013375,0.0040125,0.0013375,0.0040125,0.0013375,0.0040125,0.0013375
107,1929.04,1.73722,0.94285,0.01247,0.6937,0.45809,0.51548,0.27947,1.56536,0.8538,0.01199,0.003765,0.001255,0.003765,0.001255,0.003765,0.001255,0.003765,0.001255
108,1943.93,1.73371,0.93741,0.01244,0.69624,0.45739,0.5155,0.27977,1.56464,0.85302,0.01199,0.0035175,0.0011725,0.0035175,0.0011725,0.0035175,0.0011725,0.0035175,0.0011725
109,1962.29,1.73398,0.93883,0.0124,0.69791,0.45662,0.51557,0.28012,1.56337,0.85213,0.01198,0.00327,0.00109,0.00327,0.00109,0.00327,0.00109,0.00327,0.00109
110,1979.89,1.73289,0.93721,0.01247,0.69754,0.45684,0.51624,0.28027,1.5624,0.85199,0.01197,0.0030225,0.0010075,0.0030225,0.0010075,0.0030225,0.0010075,0.0030225,0.0010075
111,1996.35,1.73037,0.93687,0.01245,0.6977,0.45761,0.5164,0.28054,1.5611,0.85109,0.01196,0.002775,0.000925,0.002775,0.000925,0.002775,0.000925,0.002775,0.000925
112,2011.74,1.7264,0.93343,0.01237,0.70025,0.45684,0.51668,0.28058,1.56003,0.85043,0.01195,0.0025275,0.0008425,0.0025275,0.0008425,0.0025275,0.0008425,0.0025275,0.0008425
113,2026.65,1.72642,0.93223,0.01234,0.70068,0.45754,0.51704,0.28077,1.55914,0.85002,0.01195,0.00228,0.00076,0.00228,0.00076,0.00228,0.00076,0.00228,0.00076
114,2042.57,1.72533,0.93177,0.01238,0.69871,0.45794,0.51706,0.2809,1.55897,0.84972,0.01194,0.0020325,0.0006775,0.0020325,0.0006775,0.0020325,0.0006775,0.0020325,0.0006775
115,2058.55,1.71874,0.9268,0.01234,0.70265,0.45648,0.51689,0.28085,1.55842,0.84934,0.01194,0.001785,0.000595,0.001785,0.000595,0.001785,0.000595,0.001785,0.000595
116,2075.02,1.72391,0.92977,0.01235,0.70348,0.4556,0.51668,0.28076,1.55798,0.84897,0.01193,0.0015375,0.0005125,0.0015375,0.0005125,0.0015375,0.0005125,0.0015375,0.0005125
117,2090.9,1.71804,0.92858,0.01231,0.70308,0.4556,0.51658,0.28098,1.55745,0.84862,0.01193,0.00129,0.00043,0.00129,0.00043,0.00129,0.00043,0.00129,0.00043
118,2106.22,1.71781,0.92646,0.01229,0.70275,0.45585,0.5168,0.28129,1.55688,0.8482,0.01192,0.0010425,0.0003475,0.0010425,0.0003475,0.0010425,0.0003475,0.0010425,0.0003475
119,2121.83,1.71071,0.92304,0.01229,0.70567,0.45523,0.51722,0.28129,1.55633,0.84805,0.01192,0.000795,0.000265,0.000795,0.000265,0.000795,0.000265,0.000795,0.000265
120,2137.18,1.71339,0.92333,0.01218,0.70536,0.4556,0.51738,0.28139,1.55643,0.84797,0.01192,0.0005475,0.0001825,0.0005475,0.0001825,0.0005475,0.0001825,0.0005475,0.0001825
